<?xml version="1.0" encoding="UTF-8"?><idempiere Name="2Pack_1.0.0" Version="1.0.0" idempiereVersion="" DataBaseVersion="" Description="" Author="" AuthorEmail="" CreatedDate="2024-06-07 17:45:27.866" UpdatedDate="2024-06-07 17:45:27.866" PackOutVersion="100" UpdateDictionary="false" Client="0-SYSTEM-System" AD_Client_UU="11237b53-9592-4af1-b3c5-afd216514b5d">
    <AD_EntityType type="table">
        <AD_Client_ID>0</AD_Client_ID>
        <AD_Org_ID>0</AD_Org_ID>
        <EntityType>tw.ninniku.booking</EntityType>
        <AD_Org_ID reference="id">0</AD_Org_ID>
        <IsActive>Y</IsActive>
        <Name>tw.ninniku.booking</Name>
        <Description/>
        <Help/>
        <Version/>
        <ModelPackage/>
        <Classpath/>
        <Processing>N</Processing>
        <AD_EntityType_UU>4dc5187b-b54b-4d67-b99e-37873273f536</AD_EntityType_UU>
    </AD_EntityType>
    <AD_Message type="table">
        <AD_Client_ID>0</AD_Client_ID>
        <AD_Org_ID>0</AD_Org_ID>
        <MsgType>I</MsgType>
        <MsgText>Time Overlap</MsgText>
        <MsgTip/>
        <AD_Org_ID reference="id">0</AD_Org_ID>
        <IsActive>Y</IsActive>
        <Value>Time_Overlap</Value>
        <EntityType>tw.ninniku.booking</EntityType>
        <AD_Message_UU>e207e386-bc9d-44fa-b232-225e6565b76b</AD_Message_UU>
        <AD_Message_Trl type="translation">
            <MsgText>Superposición de Tiempo</MsgText>
            <MsgTip/>
            <AD_Language>es_CO</AD_Language>
            <IsActive>Y</IsActive>
            <IsTranslated>N</IsTranslated>
        </AD_Message_Trl>
        <AD_Message_Trl type="translation">
            <MsgText>Superposición de Tiempo</MsgText>
            <MsgTip/>
            <AD_Language>es_PA</AD_Language>
            <IsActive>Y</IsActive>
            <IsTranslated>N</IsTranslated>
        </AD_Message_Trl>
    </AD_Message>
    <AD_Menu type="table">
        <SeqNo>79</SeqNo>
        <AD_Client_ID>0</AD_Client_ID>
        <AD_Org_ID>0</AD_Org_ID>
        <Name>7016 Booking</Name>
        <Description/>
        <Action>X</Action>
        <AD_Window_ID reference="id"/>
        <AD_Workflow_ID reference="id"/>
        <AD_Task_ID reference="id"/>
        <AD_Org_ID reference="id">0</AD_Org_ID>
        <IsActive>Y</IsActive>
        <IsSummary>N</IsSummary>
        <AD_Process_ID reference="id"/>
        <IsSOTrx>Y</IsSOTrx>
        <AD_Form_ID reference="uuid" reference-key="AD_Form">f14535b0-e34f-4874-8a8f-af50d201fb77</AD_Form_ID>
        <IsReadOnly>N</IsReadOnly>
        <EntityType>U</EntityType>
        <IsCentrallyMaintained>Y</IsCentrallyMaintained>
        <AD_Menu_UU>aad32940-3a56-4e4f-a021-13a74d4b3c5e</AD_Menu_UU>
        <AD_InfoWindow_ID reference="id"/>
        <PredefinedContextVariables/>
        <AD_Menu_Trl type="translation">
            <Description/>
            <Name>7016 Booking</Name>
            <AD_Language>es_CO</AD_Language>
            <IsActive>Y</IsActive>
            <IsTranslated>N</IsTranslated>
        </AD_Menu_Trl>
        <AD_Menu_Trl type="translation">
            <Description/>
            <Name>7016 Booking</Name>
            <AD_Language>es_PA</AD_Language>
            <IsActive>Y</IsActive>
            <IsTranslated>N</IsTranslated>
        </AD_Menu_Trl>
        <AD_Form type="table">
            <AD_Client_ID>0</AD_Client_ID>
            <AD_Org_ID>0</AD_Org_ID>
            <AD_Org_ID reference="id">0</AD_Org_ID>
            <IsActive>Y</IsActive>
            <Name>7016 Booking</Name>
            <Description/>
            <Help>This form allows you to add, update or delete the booking information of Resources. You must set resource type as default by writing the expresion [default] in the field Description of the window Resource Type</Help>
            <Classname>tw.ninniku.booking.form.BookingTimeline</Classname>
            <AccessLevel>3</AccessLevel>
            <EntityType>tw.ninniku.booking</EntityType>
            <IsBetaFunctionality>N</IsBetaFunctionality>
            <JSPURL/>
            <AD_Form_UU>f14535b0-e34f-4874-8a8f-af50d201fb77</AD_Form_UU>
            <AD_CtxHelp_ID reference="id"/>
            <ImageURL/>
            <AD_Form_Trl type="translation">
                <Description/>
                <Help/>
                <Name>Reservas</Name>
                <AD_Language>es_CO</AD_Language>
                <IsActive>Y</IsActive>
                <IsTranslated>N</IsTranslated>
            </AD_Form_Trl>
            <AD_Form_Trl type="translation">
                <Description/>
                <Help/>
                <Name>Reservas</Name>
                <AD_Language>es_PA</AD_Language>
                <IsActive>Y</IsActive>
                <IsTranslated>N</IsTranslated>
            </AD_Form_Trl>
        </AD_Form>
    </AD_Menu>
</idempiere>
