<?xml version="1.0" encoding="UTF-8"?><idempiere Name="tw.ninniku.booking" Version="10.0.1" idempiereVersion="" DataBaseVersion="" Description="Meeting room or other scarce resource reservation management" Author="" AuthorEmail="ray.asia@gmail.com" CreatedDate="2023-09-30 19:55:04.014" UpdatedDate="2023-09-30 19:57:12.525" PackOutVersion="100" UpdateDictionary="false" Client="0-SYSTEM-System" AD_Client_UU="11237b53-9592-4af1-b3c5-afd216514b5d">
    <AD_Menu type="table">
        <SeqNo>79</SeqNo>
        <AD_Client_ID>0</AD_Client_ID>
        <AD_Org_ID>0</AD_Org_ID>
        <Name>7016 Booking</Name>
        <Description/>
        <Action>X</Action>
        <AD_Window_ID reference="id"/>
        <AD_Workflow_ID reference="id"/>
        <AD_Task_ID reference="id"/>
        <AD_Org_ID reference="id">0</AD_Org_ID>
        <IsActive>Y</IsActive>
        <IsSummary>N</IsSummary>
        <AD_Process_ID reference="id"/>
        <IsSOTrx>Y</IsSOTrx>
        <AD_Form_ID reference="uuid" reference-key="AD_Form">f14535b0-e34f-4874-8a8f-af50d201fb77</AD_Form_ID>
        <IsReadOnly>N</IsReadOnly>
        <EntityType>U</EntityType>
        <IsCentrallyMaintained>Y</IsCentrallyMaintained>
        <AD_Menu_UU>aad32940-3a56-4e4f-a021-13a74d4b3c5e</AD_Menu_UU>
        <AD_InfoWindow_ID reference="id"/>
        <PredefinedContextVariables/>
        <AD_Menu_Trl type="translation">
            <Description/>
            <Name>7016 預約(會議室)</Name>
            <AD_Language>zh_TW</AD_Language>
            <IsActive>Y</IsActive>
            <IsTranslated>N</IsTranslated>
        </AD_Menu_Trl>
        <AD_Form type="table">
            <AD_Client_ID>0</AD_Client_ID>
            <AD_Org_ID>0</AD_Org_ID>
            <AD_Org_ID reference="id">0</AD_Org_ID>
            <IsActive>Y</IsActive>
            <Name>7016 Booking</Name>
            <Description/>
            <Help/>
            <Classname>tw.ninniku.booking.form.BookingTimeline</Classname>
            <AccessLevel>3</AccessLevel>
            <EntityType>U</EntityType>
            <IsBetaFunctionality>N</IsBetaFunctionality>
            <JSPURL/>
            <AD_Form_UU>f14535b0-e34f-4874-8a8f-af50d201fb77</AD_Form_UU>
            <AD_CtxHelp_ID reference="id"/>
            <ImageURL/>
            <AD_Form_Trl type="translation">
                <Description/>
                <Help/>
                <Name>7016 預約(會議室)</Name>
                <AD_Language>zh_TW</AD_Language>
                <IsActive>Y</IsActive>
                <IsTranslated>N</IsTranslated>
            </AD_Form_Trl>
        </AD_Form>
    </AD_Menu>
</idempiere>
